icao24,callsign,timestamp,latitude,longitude,altitude,on_ground,ground_speed,vertical_speed,ground_accel,heading,turn_rate,flight_duration,max_altitude,altitude_range,anomaly_rule,anomaly_reason,anomaly_ml,anomaly_score,shape_anomaly,cluster,anomaly_combined
0d0cfd,VOI9692,2025-12-16 20:26:51,25.7731,-100.0971,304.0,False,0.0,0.0,0.0,302.1164577830406,0.0,9150.0,11582.0,11278.0,False,,False,-0.42048521062716904,True,-1,True
0d0d41,VOI7401,2025-12-16 19:55:53,30.331,-112.6223,10363.0,False,0.0,0.0,0.0,319.382490419761,0.0,830.0,10363.0,1219.0,False,,False,-0.5275447591514151,True,-1,True
0d0dda,AMX115,2025-12-16 18:32:54,19.4386,-99.0708,1828.0,False,0.0,0.0,0.0,58.59956094574807,0.0,7850.0,10969.93137254902,9445.93137254902,False,,False,-0.39532980203247936,True,-1,True
342105,IBS15VY,2025-12-16 19:54:36,35.2638,-9.1426,10363.0,False,0.0,0.0,0.0,38.21465280019044,0.0,4380.0,10363.0,10059.0,False,,False,-0.4309033853028348,True,-1,True
344646,VLG7SY,2025-12-16 18:47:16,41.289,2.0939,0.0,False,0.0,0.0,0.0,67.09906974331182,0.0,14040.0,11582.0,11582.0,False,,False,-0.5429374596808347,True,-1,True
345218,AEA1518,2025-12-16 18:25:25,48.365,11.796,304.0,False,0.0,0.0,0.0,83.20293818789241,0.0,8070.0,11887.0,11583.0,False,,False,-0.40475905127458056,True,-1,True
398568,AFR91RL,2025-12-16 20:01:50,48.9962,2.5625,0.0,False,0.0,0.0,0.0,266.0924999247096,0.0,3040.0,7010.0,7010.0,False,,False,-0.43816842410729745,True,-1,True
398601,AFR7482,2025-12-16 19:56:38,48.9961,2.5583,0.0,False,0.0,0.0,0.0,264.89129196551335,0.0,3680.0,9448.0,9448.0,False,,False,-0.39705420942955494,True,-1,True
3c09f2,LHX6KW,2025-12-16 21:25:30,48.3422,11.7707,304.0,False,0.0,0.0,0.0,264.8399663338984,0.0,2610.0,7315.0,7315.0,False,,False,-0.43716601002005334,True,-1,True
3c6490,EWG77F,2025-12-16 18:52:32,34.1071,-8.1592,10363.0,False,0.0,0.0,0.0,41.89495376729877,0.0,10850.0,10972.0,10972.0,False,,False,-0.42901241316956285,True,-1,True
3e0feb,CHX42,2025-12-16 19:52:47,54.2173,9.5957,0.0,False,0.0,0.0,0.0,228.7847599507087,0.0,7690.0,609.0,609.0,False,,False,-0.5612363633969932,True,-1,True
440115,EJU42ML,2025-12-16 18:12:47,41.2881,2.0911,0.0,False,0.0,0.0,0.0,64.99948936432838,0.0,4970.0,11582.0,11582.0,False,,False,-0.36999539777606577,True,-1,True
440159,EJU576K,2025-12-16 19:12:25,43.6503,7.2073,0.0,False,0.0,0.0,0.0,44.9921788243343,0.0,12080.0,11277.0,11277.0,False,,False,-0.4912324417759806,True,-1,True
440bc6,BCS6GK,2025-12-16 21:54:00,45.4749,10.268,914.0,False,0.0,0.0,0.0,344.2581720182756,0.0,3600.0,11577.979284369116,11577.979284369116,False,,False,-0.4120982801771009,True,-1,True
45ce46,SRR6381,2025-12-16 21:16:44,43.43,5.2249,0.0,False,0.0,0.0,0.0,125.45610532708844,0.0,5380.0,10972.0,10972.0,False,,False,-0.39246155022909984,True,-1,True
47becb,DOC97,2025-12-16 19:02:14,55.7368,9.1753,0.0,False,0.0,0.0,0.0,53.12915530882663,0.0,920.0,304.0,304.0,False,,False,-0.5325902128648545,True,-1,True
484555,KLM35W,2025-12-16 20:23:37,52.2982,4.761,0.0,False,0.0,0.0,0.0,237.66603692557987,0.0,8570.0,11277.0,11277.0,False,,False,-0.41443678442756676,True,-1,True
4b181a,SWR438A,2025-12-16 18:05:38,51.4776,-0.4617,0.0,False,0.0,0.0,0.0,268.9877641416853,0.0,4460.0,11887.0,11887.0,False,,False,-0.4041198276532576,True,-1,True
4baa90,THY2GR,2025-12-16 18:19:31,41.3185,28.7699,304.0,False,0.0,0.0,0.0,38.631144522743625,0.0,9170.0,10972.0,10972.0,False,,False,-0.38278566467872777,True,-1,True
4bb856,PGT1983,2025-12-16 18:25:35,35.1508,33.5088,0.0,False,0.0,0.0,0.0,289.9590317506222,0.0,4960.0,11582.0,11582.0,False,,False,-0.39340234986889483,True,-1,True
4ca568,RYR58XV,2025-12-16 18:52:05,35.5334,-8.4519,10972.0,False,0.0,0.0,0.0,14.66608518010753,0.0,10460.0,11582.0,11582.0,False,,False,-0.43070072298467815,True,-1,True
4ca645,RYR580,2025-12-16 21:01:53,38.1953,12.9522,3048.0,False,0.0,0.0,0.0,255.78651234029215,0.0,1020.0,8215.739130434782,6691.739130434782,False,,False,-0.5048790865741073,True,-1,True
4d250b,WMT4429,2025-12-16 19:37:47,45.7898,23.7934,3048.0,False,0.0,0.0,0.0,270.86744896884727,0.0,5640.0,11582.0,11582.0,False,,False,-0.39629772378854816,True,-1,True
717c87,SVA598,2025-12-16 21:22:23,23.316,49.8306,10058.0,False,0.0,0.0,0.0,93.14569442977984,0.0,3100.0,10058.0,10058.0,False,,False,-0.5542773704397974,True,-1,True
7c3381,KGJ,2025-12-16 21:26:37,-37.9755,145.097,0.0,False,0.0,0.0,0.0,352.8370464832255,0.0,5590.0,1828.0,1828.0,False,,False,-0.5162997113454083,True,-1,True
7c68b9,QLK1927,2025-12-16 20:46:40,-27.3956,153.1223,0.0,False,0.0,0.0,0.0,206.74838895510683,0.0,7750.0,10363.0,10363.0,False,,False,-0.3830694410659472,True,-1,True
7c7cd1,JST401,2025-12-16 20:15:38,-28.1821,153.5169,304.0,False,0.0,0.0,0.0,150.84294966654727,0.0,4130.0,11582.0,11521.2,False,,False,-0.40191141901654726,True,-1,True
801729,IGO6566,2025-12-16 18:01:31,22.7995,84.09,11277.0,False,0.0,0.0,0.0,93.90831005209964,0.0,2010.0,11277.0,10973.0,False,,False,-0.5139918855251079,True,-1,True
801806,IGO1090,2025-12-16 20:42:48,19.4084,74.1657,5791.0,False,0.0,0.0,0.0,253.6518366866772,0.0,1170.0,5791.0,5487.0,False,,False,-0.567010766101263,True,-1,True
882da4,KMI526,2025-12-16 20:03:26,22.3183,113.9211,0.0,False,0.0,0.0,0.0,71.60066498174785,0.0,9960.0,10360.330706363104,10360.330706363104,False,,False,-0.4049460911933118,True,-1,True
88818d,HVN320,2025-12-16 19:26:40,18.2592,119.2677,10972.0,False,0.0,0.0,0.0,47.91117561697695,0.0,9010.0,11887.0,11887.0,False,,False,-0.5283387229305891,True,-1,True
a00ac9,N1010F,2025-12-16 21:16:20,33.6327,-101.8317,1219.0,False,0.0,0.0,0.0,120.27573745776824,0.0,4630.0,1828.0,609.0,False,,False,-0.5113481899964325,True,-1,True
a01866,N105MM,2025-12-16 18:10:52,44.1999,-93.9306,914.0,False,0.0,0.0,0.0,319.61099395242763,0.0,15790.0,2743.0,1829.0,False,,True,-0.6299996468624102,True,-1,True
a026cf,N109GX,2025-12-16 21:33:09,39.0275,-86.3334,2743.0,False,0.0,0.0,0.0,113.4984220950335,0.0,2830.0,10046.703703703704,8496.268921095008,False,,False,-0.43972585855241425,True,-1,True
a03f1e,988,2025-12-16 19:22:38,40.7816,-73.8769,0.0,False,0.0,0.0,0.0,304.1113525805378,0.0,6220.0,10972.0,10972.0,False,,False,-0.3670247752173445,True,-1,True
a0a30e,DAL1058,2025-12-16 18:51:13,29.9663,-95.3484,0.0,False,0.0,0.0,0.0,161.92005302399753,0.0,7590.0,11277.0,11277.0,False,,False,-0.5046404549349893,True,-1,True
a0a94c,N1414A,2025-12-16 18:22:36,37.0783,-121.5949,0.0,False,0.0,0.0,0.0,154.65164775263952,0.0,770.0,609.0,609.0,False,,False,-0.5670203562753092,True,-1,True
a0f6b9,SKW3931,2025-12-16 19:28:34,42.2142,-83.3466,0.0,False,0.0,0.0,0.0,209.2428663488345,0.0,4810.0,9448.0,9448.0,False,,False,-0.42491345799402896,True,-1,True
a1719e,N192WS,2025-12-16 21:22:01,25.0921,-79.1072,3962.0,False,0.0,0.0,0.0,329.2526175260638,0.0,1560.0,3962.0,3962.0,False,,False,-0.5429253833931198,True,-1,True
a1828d,LBQ197,2025-12-16 21:36:07,43.1353,-89.3402,304.0,False,0.0,0.0,0.0,208.29168716925835,0.0,5020.0,12496.0,12192.0,False,,False,-0.4516723123523752,True,-1,True
a214bd,N233ME,2025-12-16 18:03:52,34.2057,-118.4901,0.0,False,0.0,0.0,0.0,353.3100994048547,0.0,6060.0,1219.0,1219.0,False,,True,-0.5674222763187755,True,-1,True
a22315,N237FY,2025-12-16 18:32:10,28.3409,-80.6836,0.0,False,0.0,0.0,0.0,112.98478641654629,0.0,1200.0,0.0,0.0,False,,True,-0.584041843954698,True,-1,True
